Continuous Assessment Test - I,Continuous Assessment Test - II,Digital Assignment - I,Digital Assignment - II/Quiz - II,Quiz - I,predictions
7.8,12.0,8.5,9.75,8.5,30.807076893335694
11.1,12.6,10.0,10.0,9.0,32.00621113253161
12.9,6.6,10.0,9.5,9.5,19.88845989531167
10.8,14.4,8.0,7.0,8.0,35.11256128590365
11.1,12.0,9.0,9.0,5.83,31.66089296439283
12.75,10.65,9.7,9.5,8.0,29.720746562954282
9.9,13.5,10.0,10.0,10.0,32.096927227967946
